subreddit,candidate,y,x,best_p_value,max_ssr_f_stat
democrats,cuomo,log_volume_change,log_comments_change,0.4651117410360627,0.8524761811876425
democrats,cuomo,log_volume_change,mean_compound,0.17871487464744995,1.8090668324893246
democrats,cuomo,log_volume_change,n_comments,0.6717780711363521,0.6452664514916894
democrats,cuomo,log_volume_change,sentiment_change,0.48844365971194204,0.6010892274574917
democrats,cuomo,oi_change,log_comments_change,2.027418824245783e-110,61.14982655224095
democrats,cuomo,oi_change,mean_compound,3.276658164646257e-84,83.9414778030672
democrats,cuomo,oi_change,n_comments,2.8829889594966618e-142,83.76753816004307
democrats,cuomo,oi_change,sentiment_change,3.8638529205750935e-80,60.6886895289451
democrats,cuomo,price_change,log_comments_change,1.640044978796053e-11,14.575253308786468
democrats,cuomo,price_change,mean_compound,2.4508740189734655e-19,30.341123779125294
democrats,cuomo,price_change,n_comments,8.109797473436078e-15,16.039983233752956
democrats,cuomo,price_change,sentiment_change,2.0948347095791342e-13,18.378417092173745
