title,body,ups_post,ups_comment,downs_post,downs_comment,created_utc_post,created_utc_comment,is_english,comment_length,title_length
living in woodstock tower/advice?,"i live in prospect tower, a slightly smaller building in the same complex -tudor city. lived here 20 years. as far as know, all of the buildings in tudor city are very well maintained. mine has an exterminator who will come by (free) if there are any issues. i haven't had any issues with roaches, just an occasionaly water bug. i had a mouse problem but it was taken care of right away. i doubt you will ever have rats.",3,3,0,0,2025-06-23 20:47:37,2025-06-23 21:17:21,True,420,33
living in woodstock tower/advice?,"i’ve lived in two different apts in different areas of tudor city over the years. i don’t think these issues are bigger than everywhere else in the city. never had to deal with rats and honestly don’t see them much in the area (not nearly as much as areas like the les). the roaches (the big “water bugs”, not german) were an issue in one apartment but not in another, and the issue resolved once i recaulked all the plumbing and baseboard entry points. my biggest issue is the siren noise bc the windows tend to single pane in these old buildings and the hospitals are close by, but again this is kind of an issue in most of manhattan. aside from that, tudor city is lovely and probably the best area in midtown to live :)",3,2,0,0,2025-06-23 20:47:37,2025-06-23 22:20:40,True,723,33
ues food recommendations?,"￼​forgot to mention! to visualize, the radius mentioned on the form extends from the top of manhattan to the east village. it doesn’t limit you from manually adding places outside, but the search suggestion of place names + locations that pop up to auto complete the form itself is limited to it. can open it up!",4,1,0,0,2025-06-23 21:28:35,2025-06-23 21:29:44,True,312,25
help me be a narc,no plates puts it in the purview of the department of sanitation as abandoned property. they will discard it for you.,13,43,0,0,2025-06-23 23:52:50,2025-06-24 00:03:44,True,117,17
help me be a narc,"don’t worry about being a narc because he certainly dgaf about waking people up. keep calling 311, 911, the dept of sanitation, everyone. don’t stop until his bikes no longer wake you up. the squeaky wheel gets the grease in this city and assholes like that deserve no accommodation.",13,26,0,0,2025-06-23 23:52:50,2025-06-24 00:18:03,True,283,17
help me be a narc,if you truly want to be a dick then tip over his bikes. it's a real concern when parking motorcycles on the street between cars. he may think twice about parking there again.,13,10,0,0,2025-06-23 23:52:50,2025-06-24 00:31:55,True,174,17
help me be a narc,"cameras are everywhere. don’t do anything illegal. if you were caught doing it and he wanted to be a dick, it’s very easy to say you caused a felonious amount of damage to his bike.",13,7,0,0,2025-06-23 23:52:50,2025-06-24 02:41:37,True,181,17
help me be a narc,"who said anything about doing illegal things? one certainly can’t help it if they trip and fall one morning on the edge of the curb and accidentally hit one of the motorcycles with their body weight, tipping it over. whoops.",13,2,0,0,2025-06-23 23:52:50,2025-06-24 03:35:36,True,224,17
help me be a narc,hey what neighborhood intersection? i might know the guy,13,2,0,0,2025-06-23 23:52:50,2025-06-24 10:10:08,True,56,17
help me be a narc,"you hate to be a narc, but you’re on reddit asking for help to be a narc. nyc is a noisy place. don’t be a narc, just move to a nice quiet gated community where you’ll fit right in",13,-8,0,0,2025-06-23 23:52:50,2025-06-24 12:08:28,True,180,17
help me be a narc,he wouldn’t be as much of a dick as op. noise is annoying. vandalizing someone else’s property is an escalation.,13,-1,0,0,2025-06-23 23:52:50,2025-06-24 12:09:29,True,112,17
help me be a narc,"yeah, i'd prefer to handle this legally. can't say the thought didn't cross my mind though.",13,3,0,0,2025-06-23 23:52:50,2025-06-24 12:52:46,True,91,17
help me be a narc,this is the answer i was looking for.,13,7,0,0,2025-06-23 23:52:50,2025-06-24 12:53:32,True,37,17
help me be a narc,"not disagreeing but the motorcycle guy is getting his tickets while op would wind up with a court date if he got caught on camera. not worth it, imo.",13,3,0,0,2025-06-23 23:52:50,2025-06-24 13:46:51,True,149,17
help me be a narc,we agree. it’s not like i don’t find early morning noise annoying i’m just not a narc and i live in new york city and i accept that it’s a noisy environment. i also wouldn’t take the risk of escalating by damaging someone else’s property just because i feel annoyed. that’s the kind of shit that gets you shot or stabbed or arrested.,13,-1,0,0,2025-06-23 23:52:50,2025-06-24 13:55:06,True,333,17
help me be a narc,"you can report an abandoned vehicle on public property or in a vacant lot. if you are a property owner, you can also request the removal of abandoned vehicles without license plates from your private property for a fee. [https://portal.311.nyc.gov/article/?kanumber=ka-02130](https://portal.311.nyc.gov/article/?kanumber=ka-02130)",13,4,0,0,2025-06-23 23:52:50,2025-06-25 00:08:18,True,330,17
help me be a narc,update from the dept of sanitation: the vehicle you reported exceeds the monetary value eligible for collection as junk. the department of sanitation has forwarded the request to the nypd for further action. :(,13,5,0,0,2025-06-23 23:52:50,2025-06-25 13:26:16,True,210,17
help me be a narc,gated communities have a\*\*holes too. ask me how i know.,13,3,0,0,2025-06-23 23:52:50,2025-06-25 16:33:13,True,57,17
help me be a narc,"oh i know this, that’s why i thought op would fit in. all these nyc subreddits seem to be further right that the city residents. getting downvotes here is a badge of honor. probably 60% of this subreddit is butthurt that cuomo lost. it’s a great day to be a progressive new yorker. but yeah, let’s get all upset about a motorcycle engine noise. 🥱",13,-2,0,0,2025-06-23 23:52:50,2025-06-25 17:26:37,True,346,17
help me be a narc,post this in the unethical sub to get some real answers.,13,2,0,0,2025-06-23 23:52:50,2025-06-25 18:51:16,True,56,17
help me be a narc,"lmao, you good dude? i was just seeking advice, which i got. not sure what you're gaining with these comments other than raising your own blood pressure. and the thing is, we probably voted for the same guy. people can be leftist and also value their own sleep!",13,2,0,0,2025-06-23 23:52:50,2025-06-25 19:42:34,True,261,17
help me be a narc,"i’m good and if you voted for the socialist, i stand with you on that",13,1,0,0,2025-06-23 23:52:50,2025-06-25 20:12:50,True,69,17
165 christopher st manhattan,a good safe location for what?,0,1,0,0,2025-06-23 23:59:34,2025-06-24 00:20:14,True,30,28
165 christopher st manhattan,"oops sorry should have been more specific: good location for walking (day & night), near good neighborhood restaurants and cafes, safe walking at night. i i've heard it's a very cool, fun neighborhood. just wondering if this particular location would be filled with noisy bars, taxi stands, homeless etc.",0,-3,0,0,2025-06-23 23:59:34,2025-06-24 00:29:21,True,304,28
165 christopher st manhattan,is this a joke?,0,3,0,0,2025-06-23 23:59:34,2025-06-24 00:40:53,True,15,28
165 christopher st manhattan,"ok, here comes the boilerplate novel. welcome to nyc! we know that you have a lot of places you can move to/send your child to live, and we’re happy to have you/your child! you may have a number of concerns about your/your child’s new life in nyc. things you may have heard, things like “there are whole neighborhoods that are no-go zones” or “everyone is rude, elitist and unfriendly” or the perineal “you will be mugged!” these opinions may come from people you trust such as your uncle, your pastor or your favorite news caster! i’m happy to tell you that these are all lies! like all good lies, there is a kernel of truth to be found. there are times that you should avoid places like the larger parks, for example at night, to minimize risk. but this is no different than avoiding a snowy road, or being outside in the hottest part of the day. minimizing your risks is important, but behaving with the smallest amount of self awareness and self preservation is almost always more than enough. if someone is making you uncomfortable, quickly and quietly move away from them. this is advice that applies everywhere, but is most applicable in nyc. as for your specific questions, christopher st is in the west village, currently the hottest and most expensive neighborhood in the city. for an equivalent cultural touchstone, you basically just asked if belair in los angeles was safe. this is why you’re getting a lot of sarcastic responses. that leads to our final point, new yorkers themselves. they can be some of the kindest, most community driven people in the world. new york adopts hundreds of thousands of people annually and calls them their own. we house more immigrants than any city in the world, and see our neighbors more than any other place in the usa. but the one thing that unites new yorkers of every strata, is that we hate people who waste our motherfucking time. and, respectfully, this post should have been a google and is a waste of all of our motherfucking time. i understand that that was not something you could possibly know, and as such can cut you a lot of slack. you’re worried about your/your child’s safety and future. i empathize. but please understand, us, chicago and la are the nations punching bags right now. we’re constantly told how each and every one of us are murdered every day by migrant gangs, twice on sunday, that when someone comes in to ask if a neighborhood most of us could never hope to afford is safe, it is offensive on many levels. thank you for you understanding, and in a couple of years, you/your child will understand it too. tldr: very safe actually!",0,1,0,0,2025-06-23 23:59:34,2025-06-24 01:08:41,True,2614,28
kenyan flag at the bull,the kenyan flag was raised in observance of madaraka day. the city raises quite a few foreign flags in bowling green throughout the year.,4,2,0,0,2025-06-24 06:26:02,2025-06-25 00:06:00,True,137,23
kenyan flag at the bull,"thank you, ai suggested that might be the cause but was a few weeks ago so i wasn’t sure. my wife is kenyan and we were visiting that area on her birthday and were both very shocked to see it, as what are the chances we see her flag on her birthday there, of all the other flags in the world that could be flown.",4,1,0,0,2025-06-24 06:26:02,2025-06-25 00:14:11,True,312,23
"indian-american zohran mamdani poised to make history as nyc governor candidate, poll shows","well, looking forward to his run for governor, for sure!",0,6,0,0,2025-06-24 12:20:28,2025-06-24 12:37:42,True,56,91
"indian-american zohran mamdani poised to make history as nyc governor candidate, poll shows",you mean nys governor?,0,2,0,0,2025-06-24 12:20:28,2025-06-24 13:38:32,True,22,91
get your booty to the polls,brb voting for cuomo,0,1,0,0,2025-06-24 15:13:56,2025-06-24 15:53:42,True,20,27
get your booty to the polls,"if you’re voting for the sex pest, election day is tomorrow june 25",0,0,0,0,2025-06-24 15:13:56,2025-06-24 15:55:38,True,67,27
get your booty to the polls,"instructions unclear, voted cuomo #1",0,2,0,0,2025-06-24 15:13:56,2025-06-24 15:59:29,True,36,27
100 degrees in nyc,explain wtf i am looking at please,1,12,0,0,2025-06-24 20:29:19,2025-06-24 23:13:56,True,34,18
100 degrees in nyc,just a bunch of bros hanging out under a fire hydrant while eating and drinking,1,7,0,0,2025-06-24 20:29:19,2025-06-24 23:30:43,True,79,18
100 degrees in nyc,"ohh so that’s where the water coming from, copy, typical summer nyc",1,3,0,0,2025-06-24 20:29:19,2025-06-24 23:42:06,True,67,18
100 degrees in nyc,at least the hydrant has a sprinkler cap.,1,1,0,0,2025-06-24 20:29:19,2025-06-25 00:52:14,True,41,18
how did zohran win fidi?,i’m guessing the type of people that work there do not live there?,58,39,0,0,2025-06-25 20:50:12,2025-06-25 21:05:36,True,66,24
how did zohran win fidi?,this is based on people who live in these places.. not who work in these places. only hobos live in the financial district.,58,0,0,0,2025-06-25 20:50:12,2025-06-25 21:08:12,True,123,24
how did zohran win fidi?,lol... that's not what i dictated.,58,6,0,0,2025-06-25 20:50:12,2025-06-25 21:09:26,True,34,24
how did zohran win fidi?,lots of young people live in fidi due to it being somewhat more affordable compared to the rest of lower manhattan.,58,183,0,0,2025-06-25 20:50:12,2025-06-25 21:32:16,True,115,24
how did zohran win fidi?,ehhh there definitely are commuters but a lot of fidi workforce seems local,58,3,0,0,2025-06-25 20:50:12,2025-06-25 21:44:22,True,75,24
how did zohran win fidi?,"the area has a lot of families so zero-cost childcare was probably very appealing. also, they would have probably been less forgiving towards the sexual harassment allegations",58,45,0,0,2025-06-25 20:50:12,2025-06-25 21:46:41,True,175,24
how did zohran win fidi?,what?! more affordable? how?,58,-27,0,0,2025-06-25 20:50:12,2025-06-25 21:54:35,True,28,24
how did zohran win fidi?,i guess i was more expecting the wealth factor to be the motivation against the candidate asking for higher taxes.,58,3,0,0,2025-06-25 20:50:12,2025-06-25 21:55:41,True,114,24
how did zohran win fidi?,people want to live somewhere where you can do things after 6pm.,58,9,0,0,2025-06-25 20:50:12,2025-06-25 21:58:35,True,64,24
how did zohran win fidi?,does nobody remember bernie bros!?,58,41,0,0,2025-06-25 20:50:12,2025-06-25 21:59:10,True,34,24
how did zohran win fidi?,"i get that i’m just a bit shocked to learn that the area which encompasses wall st and all the other bastions of capitalism, is cheaper than say, tribeca.",58,-14,0,0,2025-06-25 20:50:12,2025-06-25 22:00:57,True,154,24
how did zohran win fidi?,i mean it still costs a fortune but there’s a large number of buildings right off the fdr. kind of no man’s land. not that close to the train (as these things go in manhattan) and not much open at night since most businesses serve commercial workers.,58,7,0,0,2025-06-25 20:50:12,2025-06-25 22:02:36,True,250,24
how did zohran win fidi?,"it used to be a place strictly for working, not living.",58,9,0,0,2025-06-25 20:50:12,2025-06-25 22:07:33,True,55,24
how did zohran win fidi?,"anecdotally, i work in fidi and i would guess 20% of my coworkers live in fidi and 50% live in new jersey",58,22,0,0,2025-06-25 20:50:12,2025-06-25 22:07:55,True,105,24
how did zohran win fidi?,"ah yes that makes sense, i forgot residency requirements are just for city employees",58,-5,0,0,2025-06-25 20:50:12,2025-06-25 22:17:18,True,84,24
how did zohran win fidi?,i’m surprised you’re surprised. most of the actual finance firms are in midtown or hudson yards. fidi has been a misleading term for at least a decade. it’s filled with young kids who do flex walls and like to think they’re living large in nyc cause they have doormen.,58,25,0,0,2025-06-25 20:50:12,2025-06-25 22:52:16,True,268,24
how did zohran win fidi?,"believe it or not, there are some rentals for $2k & slightly less. not many, and most are rented now, but they’re out there. i love fidi. sitting in the trinity churchyard is a beautiful respite from the daily rush, beautiful sunsets at brookfield place, and i love the walk from brookfield & along the south cove to battery park. plenty of places to eat no matter what your budget is, and the tribeca target is conveniently located near wtc (bring your own bags - otherwise there are no plastic bags and you have to buy theirs). lastly, i feel safer there than i ever have in midtown.",58,54,0,0,2025-06-25 20:50:12,2025-06-25 22:57:35,True,585,24
how did zohran win fidi?,"yeah i remember meeting an inv. banker who said the business moved to park ave, but again given wall st, i’d think it still had the financial element to it",58,0,0,0,2025-06-25 20:50:12,2025-06-25 23:07:33,True,155,24
how did zohran win fidi?,"i recall nye 2021, was running to meet my friend in si for the ball drop, but was running late, so i told him meet me at the pub on stone st whenever you get here lol",58,2,0,0,2025-06-25 20:50:12,2025-06-25 23:10:34,True,166,24
how did zohran win fidi?,"halloween on stone street is bonkers. fun, but bonkers.",58,11,0,0,2025-06-25 20:50:12,2025-06-25 23:12:07,True,55,24
how did zohran win fidi?,"live in fidi. lot of young people, lot of kids who go to pace university, a lot of people who work at wtc work very modern day social media jobs. very happy to vote for him yesterday.",58,22,0,0,2025-06-25 20:50:12,2025-06-25 23:30:29,True,183,24
how did zohran win fidi?,there are zero banks on wall street. there is goldman hq and citi hq nearby. but barely in the area known as fidi. the stock exchange is a gloried tv stage. many of the large buildings on or around wall street are rentals or condos. the seaport has tourists. but a ton of people that live there. fidi is a residential neighborhood.,58,26,0,0,2025-06-25 20:50:12,2025-06-25 23:31:18,True,331,24
how did zohran win fidi?,exactly. and it’s mostly young people in big new rental conversions.,58,3,0,0,2025-06-25 20:50:12,2025-06-25 23:38:45,True,68,24
how did zohran win fidi?,"yeah i understand a lot of it moved to park ave, but i thought the fed reserve, nyse, and others left still held a financial pull.",58,-1,0,0,2025-06-25 20:50:12,2025-06-25 23:43:55,True,130,24
manhattan,"sorry, sounds like you covered it all",0,5,0,0,2025-11-01 01:09:28,2025-11-02 01:34:09,True,37,9
"manhattan's street, watercolor, 15 x 11 inches, 2025","very cool direction to paint manhattanhenge! definitely digging it and i love the ""heat haze""-style of your technique.",48,3,0,0,2025-11-01 15:05:15,2025-11-01 16:40:01,True,118,52
"manhattan's street, watercolor, 15 x 11 inches, 2025",that's gorgeous! thanks for adding something beautiful to this doomscroll of a website.,48,2,0,0,2025-11-01 15:05:15,2025-11-01 19:10:46,True,87,52
"manhattan's street, watercolor, 15 x 11 inches, 2025",thank you very much!,48,2,0,0,2025-11-01 15:05:15,2025-11-02 09:30:53,True,20,52
"manhattan's street, watercolor, 15 x 11 inches, 2025",thank you very much 🙏😊,48,1,0,0,2025-11-01 15:05:15,2025-11-02 09:32:23,True,22,52
big spenders are keeping the party going in nyc,"> ""big spenders are keeping **the wealth inequality** party going in nyc."" i don't think this article is the bitter truth revelation the wsj seems to think it is. i'm pretty sure most new yorkers have a clear understanding of the situation, no need for a patronizing explanation of how they are being exploited by the rich. perhaps voters are tired of a city where you're either scraping by or too rich to care.",3,4,0,0,2025-11-03 01:51:04,2025-11-03 04:21:38,True,411,47
big spenders are keeping the party going in nyc,"when there's no money to pay for everything this city needs to run, who will you blame?",3,1,0,0,2025-11-03 01:51:04,2025-11-04 21:32:04,True,87,47
ultimate frisbee beginner-focused tournament,bring snacks and frisbees for ultimate fun times,1,1,0,0,2025-11-03 14:31:49,2025-11-04 10:37:56,True,48,44
"painter, handyman, cleaner. at your service",not relevant to manhattan. mention areas served at the very least.,1,1,0,0,2025-11-03 18:13:00,2025-11-04 09:39:50,True,66,43
[ removed by moderator ],i’ll try it. personally not a fan of having to take photos of all my food and then write reviews for them on beli.,0,0,0,0,2025-11-03 18:30:36,2025-11-03 19:43:42,True,114,24
[ removed by moderator ],not this again......,0,0,0,0,2025-11-03 18:30:36,2025-11-03 20:40:02,True,20,24
what happened to the friki tiki?,"went there a few years ago for my birthday. not sure what’s happened to them, but if that’s the vibe you’re looking, check out paradise lost instead. they do it way better, imo.",7,4,0,0,2025-11-03 21:16:37,2025-11-03 21:59:36,True,177,32
what happened to the friki tiki?,"paradise lost is a super rad bar. really like them, i just wish they were a tad less expensive. thanks for the recommendation though!",7,3,0,0,2025-11-03 21:16:37,2025-11-04 00:30:23,True,133,32
what happened to the friki tiki?,tiki chick is the winner for me. $5 chicken sandwiches and a bomb pina colada.,7,1,0,0,2025-11-03 21:16:37,2025-11-04 01:35:53,True,78,32
what happened to the friki tiki?,never heard of this place. looks cool!,7,1,0,0,2025-11-03 21:16:37,2025-11-04 03:05:06,True,38,32
democratic socialist zohran mamdani shoots to stardom ‘like a young obama',you mean like an industry plant?,11,-11,0,0,2025-11-04 03:11:18,2025-11-04 04:12:01,True,32,74
democratic socialist zohran mamdani shoots to stardom ‘like a young obama',don't disrespect obama like that!,11,-7,0,0,2025-11-04 03:11:18,2025-11-04 04:15:13,True,33,74
democratic socialist zohran mamdani shoots to stardom ‘like a young obama',comparing him to barry already!,11,1,0,0,2025-11-04 03:11:18,2025-11-04 11:52:16,True,31,74
democratic socialist zohran mamdani shoots to stardom ‘like a young obama',"people have an inherent need for change. zohran can the best candidate in the world. do all he promises, and still lose to a 28 year old, former resident of puebla, mexico in 4 years. it’s an american thing. change.",11,1,0,0,2025-11-04 03:11:18,2025-11-04 12:44:30,True,215,74
democratic socialist zohran mamdani shoots to stardom ‘like a young obama',he’s going to be terrible for the city. check in 18 months from now.,11,-5,0,0,2025-11-04 03:11:18,2025-11-04 13:09:08,True,68,74
democratic socialist zohran mamdani shoots to stardom ‘like a young obama',"enough people think he will be great, i find 90% of the time the only people who don't like him are so brainwashed by incel streamers (asmongold and the like) or people delusional about not being racist",11,2,0,0,2025-11-04 03:11:18,2025-11-04 14:48:42,True,202,74
democratic socialist zohran mamdani shoots to stardom ‘like a young obama',"a person who represents the citizens of the city is getting bashed by out of touch people and people who don't even live in the city, wild times",11,4,0,0,2025-11-04 03:11:18,2025-11-04 14:49:31,True,144,74
democratic socialist zohran mamdani shoots to stardom ‘like a young obama',"interesting, i find the people who like him to be vibers with no critical thinking skills.",11,-2,0,0,2025-11-04 03:11:18,2025-11-04 15:57:44,True,90,74
democratic socialist zohran mamdani shoots to stardom ‘like a young obama',i refuse to believe it until mamdani gets a nobel peace prize during his acceptance speech.,11,1,0,0,2025-11-04 03:11:18,2025-11-04 16:55:03,True,91,74
democratic socialist zohran mamdani shoots to stardom ‘like a young obama',"alternative is cuomo, who sexually harasses women and is a puppet for trump or the random republican who would never win anyway doesn’t take much critical thinking to see the other 2 potential candidates were leading to be the most corrupt politicians possible in cuomo and adams",11,4,0,0,2025-11-04 03:11:18,2025-11-04 16:55:36,True,279,74
democratic socialist zohran mamdani shoots to stardom ‘like a young obama',he didn’t shoot to stardom. billions paid by political organizations trickled down from george soros. evil supporting evil.,11,-5,0,0,2025-11-04 03:11:18,2025-11-04 17:17:00,True,123,74
democratic socialist zohran mamdani shoots to stardom ‘like a young obama',great comeback and so true!,11,0,0,0,2025-11-04 03:11:18,2025-11-04 17:17:43,True,27,74
democratic socialist zohran mamdani shoots to stardom ‘like a young obama',you believe all the hype. get over the racism thing. you people created racism. stop being such a follower and succumbing to the narrative. get educated!,11,-2,0,0,2025-11-04 03:11:18,2025-11-04 17:19:20,True,153,74
democratic socialist zohran mamdani shoots to stardom ‘like a young obama',either people say they don't want mamdani because he advocates for a tax on the 1% of the 1% or they say they don't want a muslim to run the city. how is that creating racism? you should educate yourself and think of a comment that doesn't like your a sheep to bots,11,2,0,0,2025-11-04 03:11:18,2025-11-04 18:11:20,True,265,74
democratic socialist zohran mamdani shoots to stardom ‘like a young obama',you’re out to lunch.,11,1,0,0,2025-11-04 03:11:18,2025-11-04 19:34:58,True,20,74
democratic socialist zohran mamdani shoots to stardom ‘like a young obama',result of two wars iraq and gaza. only 2 hours until end of this historic election day. go out to vote for winner of dem primary and vote for him under working families and vote yes for all ballot measures. this is the only way we will have second american century. glory glory usa from east coast to west coast.,11,0,0,0,2025-11-04 03:11:18,2025-11-05 00:32:22,True,312,74
housing solution? manhattan’s leading the nation in office-to-apartment conversions.,"not an expert on the topic, but it seemed like the interest in conversions peaked when demand for commercial real estate was low and residential rents were increasing rapidly. lot of employers opted for rto and the office market in manhattan is doing reasonably well. apartment rents seem to be cooling and haven’t risen much more than inflation the last 2 years. also, interest rates still being elevated means a lot fewer conversions will pencil out. so it seemed sensible but market trends have made it less of a natural choice. all of this is on top of the baseline reality that these conversions are very costly (in a lot of cases you have to entirely gut the building, i have heard) and i’m sure the land use/co approval process is a nightmare.",4,1,0,0,2025-11-04 14:16:18,2025-11-04 15:51:57,True,750,84
mamdani votes in favor of ballot proposals 1-5 - why would be vote no on #6? the folks who turn out in odd year elections are richer and whiter than the overall electorate.  #6 leads to a more representative group of people voting.,"in short, off year elections are lower turnout and tend to favor labor unions, who historically have been able to get their members to turn out at high levels even if the public is less engaged. the move to even year elections would dilute their influence somewhat.",4,12,0,0,2025-11-04 15:44:21,2025-11-04 16:33:24,True,265,231
mamdani votes in favor of ballot proposals 1-5 - why would be vote no on #6? the folks who turn out in odd year elections are richer and whiter than the overall electorate.  #6 leads to a more representative group of people voting.,it is historic election day. give red card to donald you can have white house but you will not have new york city. you were born in most diverse borough of new york city but you are president of confederate states but not new york city. vote for winner of dem primary first immigrant mayor of new york city under working families to make new york city and us history. ball in your court my fellow new yorker i love you and protect you as senior first responder senior election day worker from 2008 president obama election to present. defeat message of hate and division. become part of history.,4,-3,0,0,2025-11-04 15:44:21,2025-11-04 16:49:37,True,595,231
mamdani votes in favor of ballot proposals 1-5 - why would be vote no on #6? the folks who turn out in odd year elections are richer and whiter than the overall electorate.  #6 leads to a more representative group of people voting.,"i agree, which is why i voted yes, but also it is true that nyc focus would be diluted in an election year. it's hard to imagine mayoral debates getting front page nyt treatment if they're competing with national politics.",4,13,0,0,2025-11-04 15:44:21,2025-11-04 17:22:36,True,222,231
mamdani votes in favor of ballot proposals 1-5 - why would be vote no on #6? the folks who turn out in odd year elections are richer and whiter than the overall electorate.  #6 leads to a more representative group of people voting.,yeah all the more reason to for yes. if you are for more voters than how could you possibly be against this. idiotic.,4,2,0,0,2025-11-04 15:44:21,2025-11-04 18:01:33,True,117,231
mamdani votes in favor of ballot proposals 1-5 - why would be vote no on #6? the folks who turn out in odd year elections are richer and whiter than the overall electorate.  #6 leads to a more representative group of people voting.,sir this is wendy’s,4,3,0,0,2025-11-04 15:44:21,2025-11-04 18:02:04,True,19,231
mamdani votes in favor of ballot proposals 1-5 - why would be vote no on #6? the folks who turn out in odd year elections are richer and whiter than the overall electorate.  #6 leads to a more representative group of people voting.,"i would (and do) personally oppose 6. i don’t want city issues and races to get drowned out by national issues and races. in a presidential year, this race would have never generated the discussion it did. nobody would have tuned into the debates. only the wealthiest state and local candidates would have had the funds to compete with big money presidential campaigns for airtime, ad space, interview slots, op ed space, etc. if prop 6 shifted the mayoral race to align with the midterms, i would probably vote for it. but since it would aligned the mayoral race with the presidential race, i absolutely oppose it. the goal should be to encourage turnout in all races. not to make local elections get eclipsed by simultaneous national ones.",4,7,0,0,2025-11-04 15:44:21,2025-11-04 18:19:33,True,741,231
mamdani votes in favor of ballot proposals 1-5 - why would be vote no on #6? the folks who turn out in odd year elections are richer and whiter than the overall electorate.  #6 leads to a more representative group of people voting.,"i will get downvoted for this but i’ve always been of the opinion that if you can’t take 5 minutes in the summer to register to vote and then another 10 minutes to fill out your ballot and mail it in, i don’t really care about your opinion. changing the election cycle to accommodate laziness is pathetic people go to extreme lengths trying to justify why they weren’t able to vote and it’s all bs. people who want to participate in the american experiment will do so. the people who don’t care will continue about their lives. is what it is",4,2,0,0,2025-11-04 15:44:21,2025-11-04 19:37:27,True,541,231
mamdani votes in favor of ballot proposals 1-5 - why would be vote no on #6? the folks who turn out in odd year elections are richer and whiter than the overall electorate.  #6 leads to a more representative group of people voting.,"i think the conflict is between more voters and more informed voters. you probably would get more voters if you lined up the elections, but many fewer who would be aware of candidates like zohran when their attention is being monopolized by national elections. tldr: i doubt zohran could've been elected if it were a national election year.",4,1,0,0,2025-11-04 15:44:21,2025-11-05 10:53:08,True,340,231
mamdani votes in favor of ballot proposals 1-5 - why would be vote no on #6? the folks who turn out in odd year elections are richer and whiter than the overall electorate.  #6 leads to a more representative group of people voting.,isn’t that’s basically voter suppression then what the gop is famous for? you can’t have it both ways.,4,1,0,0,2025-11-04 15:44:21,2025-11-05 13:53:14,True,102,231
mamdani votes in favor of ballot proposals 1-5 - why would be vote no on #6? the folks who turn out in odd year elections are richer and whiter than the overall electorate.  #6 leads to a more representative group of people voting.,that's a fair question i suppose. i think this isn't really so much a vote that hopes to limit turnout (such as voting against making election days holidays or voting for voter id laws etc) this is more a vote to keep local elections separate.,4,1,0,0,2025-11-04 15:44:21,2025-11-05 17:03:24,True,243,231
satanist that killed cat in ritual and posted it has been released his court hearing is november 12 at bronx criminal court @9am. plz show up make our voices loud and clear🚨🚨🚨,there’s no need to yell.,5,6,0,0,2025-11-04 18:27:25,2025-11-04 21:02:46,True,24,175
satanist that killed cat in ritual and posted it has been released his court hearing is november 12 at bronx criminal court @9am. plz show up make our voices loud and clear🚨🚨🚨,what makes you think he’s going to show up for court?,5,2,0,0,2025-11-04 18:27:25,2025-11-05 03:08:23,True,53,175
satanist that killed cat in ritual and posted it has been released his court hearing is november 12 at bronx criminal court @9am. plz show up make our voices loud and clear🚨🚨🚨,stop showing the unblurred photo.,5,0,0,0,2025-11-04 18:27:25,2025-11-05 14:43:05,True,33,175
satanist that killed cat in ritual and posted it has been released his court hearing is november 12 at bronx criminal court @9am. plz show up make our voices loud and clear🚨🚨🚨,has nothing to do with manhattan,5,-2,0,0,2025-11-04 18:27:25,2025-11-05 17:51:02,True,32,175
satanist that killed cat in ritual and posted it has been released his court hearing is november 12 at bronx criminal court @9am. plz show up make our voices loud and clear🚨🚨🚨,"except it actually does you clown, because he’s consistently in manhattan! so be advised and watch out for pets !",5,2,0,0,2025-11-04 18:27:25,2025-11-05 17:52:16,True,113,175
satanist that killed cat in ritual and posted it has been released his court hearing is november 12 at bronx criminal court @9am. plz show up make our voices loud and clear🚨🚨🚨,wow. this is kind of terrifying. won’t lie.,5,1,0,0,2025-11-04 18:27:25,2025-11-06 06:33:20,True,43,175
satanist that killed cat in ritual and posted it has been released his court hearing is november 12 at bronx criminal court @9am. plz show up make our voices loud and clear🚨🚨🚨,not relevant to manhattan.,5,1,0,0,2025-11-04 18:27:25,2025-11-06 06:35:01,True,26,175
satanist that killed cat in ritual and posted it has been released his court hearing is november 12 at bronx criminal court @9am. plz show up make our voices loud and clear🚨🚨🚨,"this person is correct though. it doesn’t relate to manhattan. it is disturbing & absolutely horrific, but the sub is supposed to remain curated for manhattan content specifically.",5,1,0,0,2025-11-04 18:27:25,2025-11-06 06:36:03,True,180,175
satanist that killed cat in ritual and posted it has been released his court hearing is november 12 at bronx criminal court @9am. plz show up make our voices loud and clear🚨🚨🚨,"this situation is horrific and absolutely disturbing. don’t get me wrong, but u/normaldudenotweirdo is correct. this is a space that is supposed to be specifically curated for manhattan content.",5,1,0,0,2025-11-04 18:27:25,2025-11-06 06:37:49,True,194,175
missing orange cat in east village near e 4th & ave a,"i'm happy for you (and gunther!) that he made his way back. everytime i pass by a lost pet poster just walking down the street it makes me really sad. especially if the person put signs *everywhere*, like they're so desperate to get their little friend back. i can't imagine what that's like, to lose a pet like that. so yes, it's very nice to hear success stories including this one!",20,2,0,0,2025-11-04 18:41:44,2025-11-05 10:26:43,True,384,53
spicy asian food,you can still search and read r/foodnyc. this had been asked several times in the past few months. not just asian.,3,3,0,0,2025-11-04 23:59:19,2025-11-05 00:18:41,True,114,16
spicy asian food,"hole in the wall spots in flushing/jackson heights. if the place looks old and kinda dirty, it’ll probably get the job done.",3,-1,0,0,2025-11-04 23:59:19,2025-11-05 00:27:29,True,124,16
spicy asian food,so you created an account for one question?,3,3,0,0,2025-11-04 23:59:19,2025-11-05 00:30:25,True,43,16
spicy asian food,yes lol it’s been a struggle. nyc’s lack of spice has been my greatest challenge yet. i’m a big foodie and my taste buds are suffering.,3,0,0,0,2025-11-04 23:59:19,2025-11-05 01:05:45,True,135,16
spicy asian food,thai food.,3,-2,0,0,2025-11-04 23:59:19,2025-11-05 01:05:56,True,10,16
spicy asian food,"ill have to look again, that is where i found the places that i tried but maybe there are new places reccomened.",3,0,0,0,2025-11-04 23:59:19,2025-11-05 01:06:53,True,112,16
spicy asian food,i once cried on my kitchen table because the jiangxi food was not spicy enough. i am very dedicated to my food.,3,0,0,0,2025-11-04 23:59:19,2025-11-05 01:09:34,True,111,16
spicy asian food,"being a ""foodie"" means appreciating all food, not just spicy. tangentially, if you're having a problem registering foods as spicy that are very spicy you may need to see a doctor.",3,-3,0,0,2025-11-04 23:59:19,2025-11-05 01:10:38,True,179,16
spicy asian food,"well i love all types of food, truly, but when i want spicy food, i really want spicy food. its not that its the only food i like, but when i want it spicy, i want it spicy",3,2,0,0,2025-11-04 23:59:19,2025-11-05 01:18:09,True,172,16
spicy asian food,if you have any non-spicy resturaunt reccomendations i'd also love to hear them! any price point is good for me,3,1,0,0,2025-11-04 23:59:19,2025-11-05 01:19:08,True,111,16
spicy asian food,love thai! any recommendations?,3,6,0,0,2025-11-04 23:59:19,2025-11-05 01:19:38,True,31,16
spicy asian food,have you tried vindaloo? there's an indian restaurant that has a spicy eating contest. if you finish an entire bowl your meal is free. i think it's in queens?,3,0,0,0,2025-11-04 23:59:19,2025-11-05 01:53:25,True,158,16
spicy asian food,"silky kitchen is pretty spicy, but they serve by the bowl, not actual dishes.",3,0,0,0,2025-11-04 23:59:19,2025-11-05 02:29:25,True,77,16
spicy asian food,mitr thai sabai thai villa sripraphai if you’re willing to venture out to queens!,3,1,0,0,2025-11-04 23:59:19,2025-11-05 02:29:40,True,81,16
spicy asian food,"the secret truth is no one makes food as spicy as white dudes, everyone all a bunch of losers punk faking how spicy their culture/food is. they never eat that shit that spicy and half the time the real culture in a lot of regions is to make it sweet but that doesn't sell in america cause sweet is already dominated be other things, source linecook.",3,1,0,0,2025-11-04 23:59:19,2025-11-05 13:57:05,True,349,16
spicy asian food,xian famous food will be some competition,3,1,0,0,2025-11-04 23:59:19,2025-11-05 14:29:42,True,41,16
zohran mamdani will become the next mayor of new york city!!!,not for me,323,-26,0,0,2025-11-05 02:18:25,2025-11-05 02:34:55,True,10,61
zohran mamdani will become the next mayor of new york city!!!,cant wait till all those people promising to leave make my commute so much easier✌🏼,323,84,0,0,2025-11-05 02:18:25,2025-11-05 02:38:59,True,83,61
zohran mamdani will become the next mayor of new york city!!!,"""don't let the doorknob hit their 🍑 on the way out"" 🚪",323,10,0,0,2025-11-05 02:18:25,2025-11-05 03:07:10,True,53,61
zohran mamdani will become the next mayor of new york city!!!,"🤣🤣🤣 reduced tax base, decreased property values and slowed business development which is a result of wealthy tax payers leaving an area will definitely make your commute a lot better.the departure of high-income earners can lead to a significant drop in income tax revenue, affecting a city's ability to fund public services. the stock market will be up and running in texas in 2026 maybe they will add to the economy of texas which is already booming.",323,-14,0,0,2025-11-05 02:18:25,2025-11-05 03:12:01,True,452,61
zohran mamdani will become the next mayor of new york city!!!,hope everyone likes eating bread!,323,-28,0,0,2025-11-05 02:18:25,2025-11-05 03:32:19,True,33,61
zohran mamdani will become the next mayor of new york city!!!,"you have no reason to think any of that will happen. there’s no statistic, no report, no study that backs it up. it’s all emotion. so why don’t you evaluate the state of things in a year and if it isn’t exactly what you said it will be, you have to turn democrat",323,8,0,0,2025-11-05 02:18:25,2025-11-05 04:26:42,True,262,61
zohran mamdani will become the next mayor of new york city!!!,"do you honestly need a ""report"" to tell you what happens when wealthy people whose taxes fund a lot of public services leave? really? that isn't something to smile about. and i never said that would happen i am replying to a person who thinks taxpayers leaving will be beneficial and make their life better. also if you belong to a political party you are being successfully propagandized and manipulated. they are different cheeks of the same ass there is no difference despite them saying different things and lying to you. snap out of it.",323,-2,0,0,2025-11-05 02:18:25,2025-11-05 04:41:44,True,541,61
zohran mamdani will become the next mayor of new york city!!!,>the departure of high-income earners can lead to a significant drop in income tax revenue is it proven that those wealthiest pay more in taxes than you or me?,323,-1,0,0,2025-11-05 02:18:25,2025-11-05 04:53:00,True,159,61
zohran mamdani will become the next mayor of new york city!!!,i hope the stock market in texas will be as resilient as their electricity grid. lol.,323,4,0,0,2025-11-05 02:18:25,2025-11-05 04:55:22,True,85,61
zohran mamdani will become the next mayor of new york city!!!,"you’re making some pretty extraordinary claims. some very intensely bizarre ideas of how the world works and how this is going to play out. mamdani doesn’t control the taxes of nyc. he doesn’t really control much. and even if he did, the mildly left wing policies he’s proposed aren’t nearly enough to affect things to a degree you seem to think it will. you’re intensely concerned over nothing",323,2,0,0,2025-11-05 02:18:25,2025-11-05 05:28:20,True,394,61
zohran mamdani will become the next mayor of new york city!!!,reds on top of the hill now both new york reds and liverpool reds as pes had them beat mighty madrid in european cup. now you have to believe us. it took us long time. it was bloomberg nypd who kicked my comrade out of park near wall street. that was 1% in action. we will make new york city affordable for all communities regardless of faith or their bank balance. we carry the message of jesus pbuh and muhammad pbuh set the example jewish people can be safe in a city governed by a muslim. truth is some is genuine digustjng hatred of jewish people and some stem from that colony on palestine land.,323,-14,0,0,2025-11-05 02:18:25,2025-11-05 05:43:53,True,601,61
zohran mamdani will become the next mayor of new york city!!!,"i did not vote for him because he would not condemn globalize the intifada, , he is a socialist and don't think those policies work and he says nasty things about israel and he wants to defund police. if he reverses a bunch of his policies that would be helpful but don't see him doing any of that. being friends with terrorists and having mentors who are openly so makes my trust level 0. when and iif he decides not only to defund police but increase them especially on subways, make our city safer , not ostracize jews purely for being jewish and protect them equally ( disgusting that those should be things i need to state.) that might helpful but don't see him",323,-15,0,0,2025-11-05 02:18:25,2025-11-05 13:25:56,True,666,61
zohran mamdani will become the next mayor of new york city!!!,"did you actually follow the campaign, or watch (unedited) what he said? find me the all clips where he ostracizes and says all these “nasty things” about jews. because i can find you a shit ton where he says he will protect them equally… that no antisemitism or violence is ok, including towards jews. i’d also like to know specifically, when you say he’s a socialist [democrat] what are the mayoral policies he’s proposed that you don’t like?",323,11,0,0,2025-11-05 02:18:25,2025-11-05 13:46:50,True,443,61
zohran mamdani will become the next mayor of new york city!!!,"besides, it's a percentage of how much they're getting over on the city from business and personal real estate holdings.",323,1,0,0,2025-11-05 02:18:25,2025-11-05 14:38:32,True,120,61
zohran mamdani will become the next mayor of new york city!!!,sure. it goes great with 40 year old boomer jokes when this actual country has had food pantry lines because conservatives think snap for the employed is a handout instead of a subsidy for a shit national minimum wage. and that includes service members.,323,4,0,0,2025-11-05 02:18:25,2025-11-05 14:40:02,True,253,61
zohran mamdani will become the next mayor of new york city!!!,the 3 ballot proposals that voters directly voted on will also be a part of affordable housing reform.,323,1,0,0,2025-11-05 02:18:25,2025-11-05 14:40:58,True,102,61
zohran mamdani will become the next mayor of new york city!!!,"send me your email. i saved all of them. jews in nyc were not safe under adams despite his standing with us. i want more cops not less. i want more funding for cops and military.i want more terrorism units not less. i don't want government run grocery stores. that never works. i am too busy teaching people who want the american dream to wait on line. i don't want prostitution to be legal as it causes more problems not less. i want traffic moving freely at all times so i can safely and quickly get to work without being stopped by outside praying from any group. free never incentivized anyone anywhere to make a place better. it encourages not making it better and why would anyone want that? i want better mental health programs for homeless people so they can actually use job programs. i don't feel safe unless the mayor of nyc supports israel our democratic allyhe demonizes it. as do many of his supporters. i am not a socialist at all but the group he stands with is a radicalized version of it .. jhe has had a clip a day that has scared people enough to want to give up livelihoods and move from a beloved city. you are gaslighting. the jews have been ostracized, attacked, everywhere and mamdani hasn't stood up for them but with people who encourage the hate hugging them and encouraging them.he is the mentee to linda sousoyr , who says she wants jihadism and will direct mamdani to do that. he has raps where he makes fun of chanukah and glorifies radical islamists who hate jews and lgbtq. i want more police. i want them trained to protect everyone. i don't want protests that block traffic, prayer in the streets or anyone attacking jews or isreali's for being who they are without extreme consequences. i want everyone safe in this city working next to each other for a better nyc but don't see how that happens if the person leading it can't make it safe for me to worship, walk , ride the subway( wearing a giant magen david and isreali flag,), and have my kids and everyone else's kids learn safely and calmly without being ostracized or attacked. i am happy to be proven wrong.",323,-7,0,0,2025-11-05 02:18:25,2025-11-05 15:06:37,True,2102,61
zohran mamdani will become the next mayor of new york city!!!,new york city has delicious bread along with all the other great dining options. you should visit one day it's not scary like your fake news says it is.,323,7,0,0,2025-11-05 02:18:25,2025-11-05 15:19:41,True,152,61
zohran mamdani will become the next mayor of new york city!!!,zoro barely got 50% not a mandate,323,-7,0,0,2025-11-05 02:18:25,2025-11-05 16:01:28,True,33,61
zohran mamdani will become the next mayor of new york city!!!,maybe i can finally get a manhattan condo. 😝,323,1,0,0,2025-11-05 02:18:25,2025-11-05 18:43:11,True,44,61
zohran mamdani will become the next mayor of new york city!!!,oh no he demonizes a genocidal apartheid state…,323,3,0,0,2025-11-05 02:18:25,2025-11-05 19:54:46,True,47,61
zohran mamdani will become the next mayor of new york city!!!,"he demonized israel the democratic state. there are actual genocides happening by radical islam in nigeria, congo but not a word about that. wars suck. that is why it is a great idea not to start them especially when you lie and loose. a place can't be genocidal if hamas is the one doing the genocide. israel has free healthcare, education and have 2 million arabs in government, freedom of religion, freedom for lgbtq signs in every language. so not apartheid. go to israel as a gay muslim or a woman you are safe. you are actually in an apartheid anywhere jihadists sharia law is as it can only be that one way.",323,-2,0,0,2025-11-05 02:18:25,2025-11-05 20:01:38,True,614,61
zohran mamdani will become the next mayor of new york city!!!,desperate stuff.,323,3,0,0,2025-11-05 02:18:25,2025-11-05 21:44:25,True,16,61
zohran mamdani will become the next mayor of new york city!!!,trump barely cracked 49%... that election invalid too?,323,1,0,0,2025-11-05 02:18:25,2025-11-06 01:40:12,True,54,61
zohran mamdani will become the next mayor of new york city!!!,trump or his ss will take him out,323,1,0,0,2025-11-05 02:18:25,2025-11-06 12:20:29,True,33,61
zohran mamdani will become the next mayor of new york city!!!,likely nothing will change,323,1,0,0,2025-11-05 02:18:25,2025-11-06 21:52:45,True,26,61
moving to nyc next week! do i keep my car?,"parking in that area can be a little bit dicey and hard to come by. there are a lot of people that have cars in that area who literally never move them. if you plan on taking weekend trips etc outside the city and have access to a parking garage, it might be worth it. otherwise i'd get rid of it unless you want to roll the dice on always being able to find parking.",0,3,0,0,2025-11-05 03:43:45,2025-11-05 16:03:54,True,367,42
moving to nyc next week! do i keep my car?,"i had my car here the first year i lived here and almost wish i hadn’t. i eventually sent it back to where my mother still lives as she was willing to keep it there. sometimes i miss it, sure, but overall things run much smoother without for me.",0,5,0,0,2025-11-05 03:43:45,2025-11-05 16:05:52,True,245,42
moving to nyc next week! do i keep my car?,"moved to manhattan from texas in 2018. never had a car in nyc and would not want one. if you bring your car, you will spend more time looking for a parking place than driving. we move around nyc on the train (subway) or bus without a problem. on those occasions that you want to reach your destination in dress clothes (night out, special occasion, etc.) and your other half wants to wear flashy jewelry, heels, etc., just take a cab -- or uber, if that's your preference. also, prepare to do a lot of walking. nyers pound the pavement constantly. it's good for your health!! leave the car somewhere else or sell it. you will thank me later!",0,13,0,0,2025-11-05 03:43:45,2025-11-05 16:06:41,True,641,42
moving to nyc next week! do i keep my car?,dump the car. you'll have tons of hours of more free time and money without one. and a whole lot less stress. i could kick myself for the few years i stupidly thought i'd keep a car here.,0,7,0,0,2025-11-05 03:43:45,2025-11-05 16:57:30,True,187,42
moving to nyc next week! do i keep my car?,a car is more of a liability than a convenience anywhere in manhattan.,0,8,0,0,2025-11-05 03:43:45,2025-11-05 16:58:42,True,70,42
moving to nyc next week! do i keep my car?,not something i suggest but you might want to find a garage first and see if you can do a handshake agreement with the manager 😉,0,0,0,0,2025-11-05 03:43:45,2025-11-05 17:00:14,True,128,42
moving to nyc next week! do i keep my car?,"these are a list of things you'll have to deal with if you keep it here. 1. street cleaning 1-2 times a week on each side. 2. $65 tickets, it's inevitable. some days you'll be lazy and don't want to move your car. 3. waking up to seeing someone hit or scratched your car. 4. cleaning and digging your car out after a snow storm. 5. seeing the plow block you back in after you already dug your car out. 6. defrosting your windshield. 7. leaving your car too long without driving to find rats have moved in. 8. thinking you parked far enough from the hydrant, only to find a $115 ticket. 9. understand nyc street parking signs.",0,9,0,0,2025-11-05 03:43:45,2025-11-05 17:31:24,True,625,42
moving to nyc next week! do i keep my car?,sell your car,0,4,0,0,2025-11-05 03:43:45,2025-11-05 17:37:50,True,13,42
moving to nyc next week! do i keep my car?,it really depends if you need it for work or not.,0,2,0,0,2025-11-05 03:43:45,2025-11-05 18:07:30,True,49,42
moving to nyc next week! do i keep my car?,"bring the car if you want a money pit. not only will parking be expensive, but it will inevitably catch expensive tickets and be hit while parked. in fact, it’ll probably be cheaper to rent out a parking space in tx than to bring it to harlem.",0,5,0,0,2025-11-05 03:43:45,2025-11-05 18:30:43,True,243,42
moving to nyc next week! do i keep my car?,"unless you have a job like sales rep or regional manager that requires you to travel around the city or into other city i'd say you're better off getting rid of it. keep in mind congestion pricing is in effect so you'll have to pay tolls to enter downtown. parking, tolls, tickets and gas adds up",0,2,0,0,2025-11-05 03:43:45,2025-11-05 18:54:29,True,296,42
moving to nyc next week! do i keep my car?,"i moved to nyc with two cars (mine and my partners) earlier this year. we thought about keeping one, but sold both cars over the summer and i couldn't be happier with that decision. i would be perfectly happy if i never drove a car again. we did alternate side parking for a while on the ues and it was hell. anyone who tells you it isn't bad is lying to you. public transport is amazing and i feel so much safer taking the subway or bus in nyc than i ever did driving in the suburbs. if i could do it again, i probably wouldn't bother with bringing my car to the city despite it being helpful for moving. i would have sold it in my previous location, rented a car for moving and be done with it. it was more of a hassle than i thought it would be to sell my car in the city. get some quotes on what you could get for selling in both locations though and see what makes sense.",0,3,0,0,2025-11-05 03:43:45,2025-11-05 19:03:32,True,876,42
moving to nyc next week! do i keep my car?,"i would hold onto your car for a while until you see what your needs are. nyc's public transportation is good, but there may be times when you'll want your car to pack up groceries at a store like costco or you may want to take a trip outside of the city. perhaps you could find a longterm garage in nyc or new jersey.",0,0,0,0,2025-11-05 03:43:45,2025-11-05 19:40:13,True,318,42
moving to nyc next week! do i keep my car?,need? no. but you will want 1 if you truly want to see all of new york & not just the citi.,0,0,0,0,2025-11-05 03:43:45,2025-11-05 19:57:39,True,91,42
moving to nyc next week! do i keep my car?,lose it. if you are living in manhattan you don’t need it one bit.,0,2,0,0,2025-11-05 03:43:45,2025-11-05 20:32:08,True,66,42
moving to nyc next week! do i keep my car?,you can prob make it work in the heights— but you’ll likely only use it to leave the city,0,2,0,0,2025-11-05 03:43:45,2025-11-05 20:48:14,True,89,42
moving to nyc next week! do i keep my car?,"don’t do it. i sold mine with carmax before i moved tbh. it helped me get the money to ship anything i really wanted to keep, and i’m not saddled with parking fees or tickets or insurance.",0,2,0,0,2025-11-05 03:43:45,2025-11-06 05:20:47,True,188,42
moving to nyc next week! do i keep my car?,we moved to manhattan almost two years ago. sold our cars and have no regrets. it’s freeing and one less pretty big expense.,0,1,0,0,2025-11-05 03:43:45,2025-11-06 10:12:25,True,124,42
moving to nyc next week! do i keep my car?,agree with this 💯! exactly the way we feel.,0,1,0,0,2025-11-05 03:43:45,2025-11-06 10:16:00,True,43,42
moving to nyc next week! do i keep my car?,i'm a native new yorker whose father kept a car in nyc for several decades.,0,1,0,0,2025-11-05 03:43:45,2025-11-06 17:51:32,True,75,42
moving to nyc next week! do i keep my car?,or if you want the convenience of a car for certain chores and trips.,0,1,0,0,2025-11-05 03:43:45,2025-11-06 17:53:48,True,69,42
if anyone wants to connect:,take it to hinge bro,0,4,0,0,2025-11-05 13:36:54,2025-11-05 17:42:39,True,20,27
if anyone wants to connect:,i’m good thanks.,0,2,0,0,2025-11-05 13:36:54,2025-11-05 17:53:43,True,16,27
"oh, rats!",you clearly didn't sit in a park at night.,8,15,0,0,2025-11-05 21:46:28,2025-11-05 21:53:41,True,42,9
"oh, rats!",no but maybe i'll try that next time. what time do they usually come out?,8,3,0,0,2025-11-05 21:46:28,2025-11-05 21:58:16,True,73,9
"oh, rats!","on garbage night, by restaurants",8,6,0,0,2025-11-05 21:46:28,2025-11-05 22:16:41,True,32,9
"oh, rats!","come to tompkins square park — those motherf*ckers are brazen as hell and out during the day, too.",8,6,0,0,2025-11-05 21:46:28,2025-11-05 22:39:47,True,98,9
"oh, rats!",or during the day,8,1,0,0,2025-11-05 21:46:28,2025-11-05 23:10:53,True,17,9
"oh, rats!","got to get to a park brother, those monsters come out at night.",8,4,0,0,2025-11-05 21:46:28,2025-11-05 23:24:23,True,63,9
"oh, rats!","if serafina in tribeca still has their outdoor seating, they were all up in that at night while people were eating.",8,1,0,0,2025-11-05 21:46:28,2025-11-05 23:59:15,True,115,9
"oh, rats!","verdi square on the uws is particularly bad, too. two decades in nyc and it remains the site of my worst-ever new york experience: the day i got a dead rat caught in my sandal.",8,5,0,0,2025-11-05 21:46:28,2025-11-06 00:38:11,True,176,9
"oh, rats!","i saw a rat, the size of a small dog, by lasker in central park around sunrise.",8,1,0,0,2025-11-05 21:46:28,2025-11-06 00:55:18,True,79,9
"day time art classes close to  manhattan. (drawing, oil, water colors, etc)",not relevant to manhattan,1,1,0,0,2025-11-06 04:25:19,2025-11-06 06:42:54,True,25,75
what building is this?,https://en.wikipedia.org/wiki/general_electric_building this is kne of my favorite buildings in manhattan,8,21,0,0,2025-11-06 16:27:11,2025-11-06 16:34:44,True,105,22
what building is this?,you can just look up the address and google will tell you all about it.,8,-10,0,0,2025-11-06 16:27:11,2025-11-06 16:35:34,True,71,22
what building is this?,difficult when seeing it from a far,8,2,0,0,2025-11-06 16:27:11,2025-11-06 16:36:02,True,35,22
what building is this?,thank you!! stunning,8,2,0,0,2025-11-06 16:27:11,2025-11-06 16:36:11,True,20,22
what building is this?,"a less-known spider-man villain lives there, i think.",8,4,0,0,2025-11-06 16:27:11,2025-11-06 16:55:03,True,53,22
what building is this?,"hover over image, right click for the option in the menu, ""search image with google lens"" and the answer is immediate!",8,3,0,0,2025-11-06 16:27:11,2025-11-06 17:49:54,True,118,22
apollo tells nyc workers to stay home as it braces for protest over marc rowan’s trump support - united states,............ what does apollo do?,0,8,0,0,2025-11-06 23:22:38,2025-11-06 23:26:49,True,33,110
apollo tells nyc workers to stay home as it braces for protest over marc rowan’s trump support - united states,exactly. all the wealthiest demons hide behind pseudo anonymity,0,6,0,0,2025-11-06 23:22:38,2025-11-06 23:33:48,True,63,110
