variable,n,adf_stat,p_value,stationary_5pct,subreddit,candidate
yes_bid.close_dollars,3197,-0.36925867843417925,0.9151063365227325,False,republican,mamdani
mean_compound,3197,-7.685657640295963,1.464017367535894e-11,True,republican,mamdani
n_comments,3197,-3.434604813331453,0.009834264339958217,True,republican,mamdani
price_change,3196,-43.46901361008101,0.0,True,republican,mamdani
log_volume_change,3196,-20.07194604108682,0.0,True,republican,mamdani
oi_change,3196,-5.944457199775149,2.2211497317403852e-07,True,republican,mamdani
sentiment_change,3196,-17.104442084840898,7.438566579020646e-30,True,republican,mamdani
log_comments_change,3196,-13.811251260667229,8.22342342208631e-26,True,republican,mamdani
yes_bid.close_dollars,3209,-2.5093391991795433,0.11321850160116059,False,republican,cuomo
mean_compound,3209,-33.90119849704259,0.0,True,republican,cuomo
n_comments,3209,-36.04923902823182,0.0,True,republican,cuomo
price_change,3208,-10.197688073951191,6.085175917914039e-18,True,republican,cuomo
log_volume_change,3208,-28.678163657055837,0.0,True,republican,cuomo
oi_change,3208,4.81824923938962,1.0,False,republican,cuomo
sentiment_change,3208,-18.6243763967344,2.0600132476140748e-30,True,republican,cuomo
log_comments_change,3208,-17.9564359656025,2.826808886177023e-30,True,republican,cuomo
yes_bid.close_dollars,8638,-0.5798698208066915,0.875466055922204,False,republican,sliwa
mean_compound,8638,-25.684903044898796,0.0,True,republican,sliwa
n_comments,8638,-8.67941271255438,4.32673321460467e-14,True,republican,sliwa
price_change,8637,-18.66543358448572,2.046304354185164e-30,True,republican,sliwa
log_volume_change,8637,-20.57403849198957,0.0,True,republican,sliwa
oi_change,8637,-3.646431853753215,0.004932936985186404,True,republican,sliwa
sentiment_change,8637,-24.043295738526865,0.0,True,republican,sliwa
log_comments_change,8637,-27.602223513473913,0.0,True,republican,sliwa
