subreddit,candidate,y,x,best_p_value
bronx,sliwa,log_volume_change,log_comments_change,0.3897245234769286
bronx,sliwa,log_volume_change,mean_compound,0.413609303329706
bronx,sliwa,log_volume_change,n_comments,0.47331584437839913
bronx,sliwa,log_volume_change,sentiment_change,0.24905144519745318
bronx,sliwa,oi_change,log_comments_change,1.4670622756362264e-19
bronx,sliwa,oi_change,mean_compound,4.80884615430795e-12
bronx,sliwa,oi_change,n_comments,1.0533357079360239e-22
bronx,sliwa,oi_change,sentiment_change,6.320614974827266e-12
bronx,sliwa,price_change,log_comments_change,0.20066265398788605
bronx,sliwa,price_change,mean_compound,0.5918992672113772
bronx,sliwa,price_change,n_comments,0.8999808772458124
bronx,sliwa,price_change,sentiment_change,0.08474325705855057
