subreddit,candidate,y,n,r_squared,adj_r_squared,aic,bic,rank_warning
right_leaning,mamdani,price_change,3270,0.018737163941396018,0.01360756116987194,-27622.63080672527,-27512.964991975226,"Design matrix not full rank: rank=18, cols=21"
right_leaning,mamdani,log_volume_change,3270,0.15339997433993002,0.14897432844933312,15590.523566498698,15700.189381248741,"Design matrix not full rank: rank=18, cols=21"
right_leaning,mamdani,oi_change,3270,0.1463991775635054,0.14193693464178947,81089.64635857931,81199.31217332935,"Design matrix not full rank: rank=18, cols=21"
right_leaning,cuomo,price_change,3226,0.018276040228717427,0.013073637698757468,-27082.185057985498,-26972.763089329164,"Design matrix not full rank: rank=18, cols=21"
right_leaning,cuomo,log_volume_change,3226,0.2848985353752247,0.28110903260134035,16766.63119529155,16876.053163947883,"Design matrix not full rank: rank=18, cols=21"
right_leaning,cuomo,oi_change,3226,0.3690341498450652,0.365690502883521,80511.54814809855,80620.97011675488,"Design matrix not full rank: rank=18, cols=21"
right_leaning,sliwa,price_change,8682,0.010827175876727102,0.00888627813779641,-88386.14638942559,-88258.90425990011,"Design matrix not full rank: rank=18, cols=21"
right_leaning,sliwa,log_volume_change,8682,0.35132677850453975,0.35005398940419086,38228.110558796645,38355.35268832212,"Design matrix not full rank: rank=18, cols=21"
right_leaning,sliwa,oi_change,8682,0.14796314440346647,0.14629132693519076,176597.47981645467,176724.72194598013,"Design matrix not full rank: rank=18, cols=21"
