subreddit,candidate,y,variable_group,joint_f_stat,joint_f_pvalue
bronx,mamdani,price_change,price_change_autoregressive_lags,2.1214097448667677,0.07558182851389161
bronx,mamdani,price_change,mean_compound,1.6455060905177188,0.15997907230681593
bronx,mamdani,price_change,sentiment_change,5.717011259692292,0.00013914657395517436
bronx,mamdani,price_change,n_comments,2.4196295703296227,0.0464245866397018
bronx,mamdani,price_change,log_comments_change,22.151306929029104,4.591996803994223e-18
bronx,mamdani,log_volume_change,log_volume_change_autoregressive_lags,145.75686543372686,8.96103956329327e-115
bronx,mamdani,log_volume_change,mean_compound,0.7856064278577718,0.5343701957849296
bronx,mamdani,log_volume_change,sentiment_change,0.7249781841875098,0.5747803200786867
bronx,mamdani,log_volume_change,n_comments,0.061106252932009865,0.9931099331259453
bronx,mamdani,log_volume_change,log_comments_change,0.6851178823138895,0.6022057579368378
bronx,mamdani,oi_change,oi_change_autoregressive_lags,55.68121607557873,1.7524954886448918e-45
bronx,mamdani,oi_change,mean_compound,10.344490498998061,2.527097053988067e-08
bronx,mamdani,oi_change,sentiment_change,3.121521791658941,0.014202435846494598
bronx,mamdani,oi_change,n_comments,3.1119120883173057,0.01443872688466271
bronx,mamdani,oi_change,log_comments_change,22.299855310221243,3.460765628370336e-18
bronx,cuomo,price_change,price_change_autoregressive_lags,2.1175068204905765,0.07606297768114764
bronx,cuomo,price_change,mean_compound,6.999037031390484,1.317091382931242e-05
bronx,cuomo,price_change,sentiment_change,1.6840998992217129,0.15078003277400187
bronx,cuomo,price_change,n_comments,45.429768776221074,3.6092942553056224e-37
bronx,cuomo,price_change,log_comments_change,23.02925331918423,8.702141794183014e-19
bronx,cuomo,log_volume_change,log_volume_change_autoregressive_lags,314.2858037817633,2.1923937130566097e-228
bronx,cuomo,log_volume_change,mean_compound,0.05907810437966394,0.9935423844473183
bronx,cuomo,log_volume_change,sentiment_change,0.1341239392053953,0.9698396785620416
bronx,cuomo,log_volume_change,n_comments,0.17544531442985437,0.9510915280296781
bronx,cuomo,log_volume_change,log_comments_change,0.49516972324469727,0.7393116603784692
bronx,cuomo,oi_change,oi_change_autoregressive_lags,349.46343801388986,5.806163140649774e-250
bronx,cuomo,oi_change,mean_compound,59.2977614378658,2.2794471944668715e-48
bronx,cuomo,oi_change,sentiment_change,48.91818936289911,5.31920321089571e-40
bronx,cuomo,oi_change,n_comments,5.064549748441677,0.0004558258700649547
bronx,cuomo,oi_change,log_comments_change,29.830815847978997,2.123904232758632e-24
bronx,sliwa,price_change,price_change_autoregressive_lags,30.501623751499174,5.941501035977932e-25
bronx,sliwa,price_change,mean_compound,0.0074433040808031935,0.9998902210507961
bronx,sliwa,price_change,sentiment_change,0.013286604841941548,0.999652916751767
bronx,sliwa,price_change,n_comments,0.0012287682302519398,0.9999969833290752
bronx,sliwa,price_change,log_comments_change,0.002691294143013099,0.9999855568255532
bronx,sliwa,log_volume_change,log_volume_change_autoregressive_lags,426.23899260399816,5.80449531274569e-295
bronx,sliwa,log_volume_change,mean_compound,0.5322762728869914,0.7120351621998473
bronx,sliwa,log_volume_change,sentiment_change,1.2374264462607512,0.29273360895127487
bronx,sliwa,log_volume_change,n_comments,1.786953295932874,0.1285670553844648
bronx,sliwa,log_volume_change,log_comments_change,1.6945984528697635,0.1483609814654815
bronx,sliwa,oi_change,oi_change_autoregressive_lags,66.07199987572888,8.706994584588148e-54
bronx,sliwa,oi_change,mean_compound,2.083323967342699,0.08036976993774853
bronx,sliwa,oi_change,sentiment_change,6.806799202155156,1.8791014682630732e-05
bronx,sliwa,oi_change,n_comments,25.031827938374654,1.926105746938167e-20
bronx,sliwa,oi_change,log_comments_change,6.510698719312134,3.245016118851884e-05
