subreddit,candidate,y,x,n,error
statenisland,sliwa,price_change,mean_compound,65,Not enough rows (< 100)
statenisland,sliwa,price_change,sentiment_change,65,Not enough rows (< 100)
statenisland,sliwa,price_change,n_comments,65,Not enough rows (< 100)
statenisland,sliwa,price_change,log_comments_change,65,Not enough rows (< 100)
statenisland,sliwa,log_volume_change,mean_compound,65,Not enough rows (< 100)
statenisland,sliwa,log_volume_change,sentiment_change,65,Not enough rows (< 100)
statenisland,sliwa,log_volume_change,n_comments,65,Not enough rows (< 100)
statenisland,sliwa,log_volume_change,log_comments_change,65,Not enough rows (< 100)
statenisland,sliwa,oi_change,mean_compound,65,Not enough rows (< 100)
statenisland,sliwa,oi_change,sentiment_change,65,Not enough rows (< 100)
statenisland,sliwa,oi_change,n_comments,65,Not enough rows (< 100)
statenisland,sliwa,oi_change,log_comments_change,65,Not enough rows (< 100)
statenisland,sliwa,price_change,mean_compound,77,Not enough rows (< 100)
statenisland,sliwa,price_change,sentiment_change,77,Not enough rows (< 100)
statenisland,sliwa,price_change,n_comments,77,Not enough rows (< 100)
statenisland,sliwa,price_change,log_comments_change,77,Not enough rows (< 100)
statenisland,sliwa,log_volume_change,mean_compound,77,Not enough rows (< 100)
statenisland,sliwa,log_volume_change,sentiment_change,77,Not enough rows (< 100)
statenisland,sliwa,log_volume_change,n_comments,77,Not enough rows (< 100)
statenisland,sliwa,log_volume_change,log_comments_change,77,Not enough rows (< 100)
statenisland,sliwa,oi_change,mean_compound,77,Not enough rows (< 100)
statenisland,sliwa,oi_change,sentiment_change,77,Not enough rows (< 100)
statenisland,sliwa,oi_change,n_comments,77,Not enough rows (< 100)
statenisland,sliwa,oi_change,log_comments_change,77,Not enough rows (< 100)
